-0.0028435457	0.028029311	-0.011539268	-0.014396216	0.011441551	-0.021466283	-0.004933229	-0.0026341602	-0.02451379	0.009673912	-0.031205777	0.018129218	0.008754336	-0.011252575	-0.0042573903	0.015733736	0.009244237	0.001915586	-0.016593952	0.014835847	-0.0078477515	0.010339432	0.0038820817	-0.00083549845	0.004762222	0.0077703497	0.030187003	-0.0094704125	-0.011275757	0.024848914	-0.0017591178	0.0070666117	0.018233983	0.011566932	-0.0029770639	0.007125344	-0.019620648	0.006619449	0.01083074	-0.008228073	0.009510494	0.0012724616	0.008269822	0.004976849	0.031657834	-0.023758436	0.006104172	-0.02094514	-0.023449888	-0.002835517	-0.003511215	-0.0019212742	0.008168303	-0.0012090381	-0.02064731	0.0032284812	0.009059813	0.016810201	-0.006582821	0.025087189	-0.017781135	0.0056674625	-0.014671789	-0.014833765	-0.006911788	-0.014205073	-0.012685725	-0.008727141	0.0145390155	0.0029449784	0.017954387	0.00017351624	0.002241987	-0.00043772254	-0.008167242	-0.016279386	0.000633025	0.008259808	-0.008299867	-0.019447507	-0.015786711	0.011788916	0.009163513	-0.022726433	-0.006064779	-0.008429919	0.000980818	-0.004120706	0.021023137	0.02213639	-0.0035167835	0.0031429466	-0.001810835	0.018408079	-0.0063724597	-0.011865531	0.0045468607	-0.009459448	0.008887955	0.019344069	0.004068322	0.005690394	0.030650347	0.006033505	-0.0063878754	0.010049045	-0.008248597	-0.011989272	-0.0074617085	-0.028435072	-0.032261804	-0.0088868	0.011635057	0.015614843	0.0025686244	-0.01931656	-0.03437043	0.013722353	0.0005097617	0.03578495	0.010183953	0.012713874	-0.01950936	0.014762464	0.0167603	-0.010446763	0.0076465174	0.01795286	0.004412786	0.009411305	-0.00056072907	-0.0025084815	0.012414328	-0.014801558	-0.0038069866	-0.013418753	-0.006030338	-0.014170463	-0.0023408344	-0.013851685	0.011502648	-0.0059612924	-0.009318518	0.025069587	0.007588006	0.04417779	0.03448448	-0.006150573	-0.024194743	0.012316569	-0.0022597995	0.028685572	0.023393255	-0.01380477	0.03319947	0.016573707	0.011013807	-0.015085712	0.0141098285	0.0042264303	-0.02169788	0.017381022	-0.01623224	0.017416421	0.005920717	-0.022059187	0.013632952	-0.00083488785	-0.0075659137	-0.041232646	-0.012172231	0.002342238	-0.0107422415	0.006456083	-0.011196871	-0.012128958	-0.002461811	2.7007341e-05	-0.017636526	-0.0103868665	0.016778858	-0.02133034	-0.028799167	-0.00033641237	-0.0032632435	0.00026827943	0.021088375	0.03037257	-0.020629045	0.007924425	-0.027326588	-0.0051347692	-0.01458933	0.03729875	0.015734589	0.016236342	0.03626543	0.014125226	0.00069048477	0.008542084
-0.005602836	0.035213564	-0.009966169	-0.013303766	0.011876442	-0.023551939	-0.0075015374	-0.008427826	-0.025918461	0.009669057	-0.036370426	0.024153722	0.016752426	-0.015514148	-0.0035092176	0.014294036	0.01186806	0.010086355	-0.017147131	0.014700698	-0.0067599854	0.015304187	0.003932979	0.0010961448	0.0038746896	0.0074859383	0.03162803	-0.0085918745	-0.012938051	0.030166354	-0.004020978	0.008692411	0.021331303	0.010479436	-0.0023272925	0.008346178	-0.02275173	0.010109535	0.011689616	-0.006908469	0.0059187557	0.0027630627	0.009018213	0.008380199	0.03693546	-0.029552516	0.003758241	-0.02750705	-0.027758313	0.004056578	-0.007410912	1.4748279e-05	0.007111534	0.0016286335	-0.022747904	0.00568028	0.00685237	0.018574622	-0.0077567315	0.026076114	-0.020005057	0.002734899	-0.009565831	-0.014848934	-0.007260863	-0.017047405	-0.014288883	-0.008501822	0.016138729	0.008412716	0.022596752	-0.0043346724	-0.00406586	0.00016059502	-0.0075896224	-0.019384224	-0.0026993982	0.0044140345	-0.010430767	-0.021927726	-0.023057321	0.01620735	0.013639327	-0.023802567	-0.0047569824	-0.010874669	0.0095308935	-0.0015656241	0.017201243	0.023830326	-0.0072762687	0.001669803	-0.0019274359	0.023597473	-0.010699228	-0.0107624605	0.0052160756	-0.009822091	0.015105484	0.025646701	0.0022617355	0.0049951123	0.029283967	0.0055740946	-0.008331049	0.005434679	-0.007608221	-0.0086120395	-0.006642	-0.025522811	-0.031832706	-0.015534654	0.015317437	0.018180909	0.004797221	-0.019531636	-0.03780893	0.014863703	0.0038357726	0.03691331	0.010789158	0.010869644	-0.020222528	0.01039666	0.013673552	-0.00721975	0.0044721253	0.016589547	-0.00074947195	0.008496508	0.0047866465	0.0006560124	0.015203825	-0.011280346	-0.0039074225	-0.011894442	-0.010625872	-0.016405942	-0.002075803	-0.018504389	0.015616978	-0.011973408	-0.0064620627	0.028988248	0.012193515	0.044335146	0.040627073	-0.010524299	-0.02378402	0.0074762	-0.0013958871	0.027896805	0.02859666	-0.019170271	0.034330286	0.014490849	0.01787484	-0.018732078	0.012191056	0.0004528028	-0.02437192	0.016131936	-0.014114654	0.026391335	0.005948712	-0.02518269	0.008122355	0.0005926662	-0.014509536	-0.046686124	-0.01307442	-0.0030916254	-0.014876244	0.0017218734	-0.014998138	-0.0131447315	0.0026625155	0.0017169721	-0.015383454	-0.006017687	0.018349234	-0.021849232	-0.02988325	0.0034225031	0.00289473	-0.003503201	0.028305558	0.029122047	-0.020295287	0.004254023	-0.029566182	-0.0007049019	-0.013929681	0.04170005	0.010877013	0.02081106	0.0385573	0.020686073	0.002459736	0.011140291
-0.004241188	0.042186826	-0.014827172	-0.02308736	0.00046139187	-0.026319643	-0.0068210578	-0.00862069	-0.025445733	0.015756795	-0.03702344	0.03205533	0.014027338	-0.008908125	-0.0015970311	0.0058586225	0.005935402	0.004746101	-0.017862018	0.018750926	-0.008067856	0.01891875	0.0013543507	-0.010002823	0.000533343	0.010834062	0.031020299	-0.010685564	-0.009713517	0.041889377	0.0028879032	0.013883	0.02265023	0.012213231	-0.0024944795	0.005850878	-0.019175196	-5.268434e-05	0.02058171	-0.0050851875	0.010041283	-0.0023028941	0.020649863	0.006310137	0.03919543	-0.028566986	0.005932597	-0.037240054	-0.024515862	0.0039883372	-0.01781835	-0.00520914	0.016519569	-0.0042539635	-0.030772952	-0.0015633065	0.008104484	0.018672587	-0.015920253	0.026293403	-0.017977497	0.0011858827	-0.0196841	-0.020675708	-0.005166824	-0.023473496	-0.010796176	-0.017514143	0.021613829	0.0014180664	0.020470796	0.009620326	-0.003587353	-0.0035748493	-0.019704636	-0.02318885	-0.008311212	0.0012413462	-0.016469203	-0.018310947	-0.028524952	0.012889935	0.014594275	-0.02749883	0.001324152	-0.015289048	0.0065575717	0.0067266845	0.03302061	0.03424274	-0.0010377067	-0.005436018	0.009961457	0.028609453	-0.0005585641	-0.008375088	0.011648539	-0.0024423245	0.014407404	0.029755052	0.005647139	-0.004812229	0.040465053	-0.0031921694	-0.006387878	0.0058462685	0.006427293	-0.015140504	0.00029591174	-0.03524565	-0.02479202	-0.008611015	0.015074746	0.024077244	0.0032380437	-0.024341388	-0.0477299	0.012660186	-0.00066499	0.042858977	0.019942703	0.009557374	-0.030396534	0.013086141	0.027089665	-0.01180498	0.009734854	0.01553936	0.010002839	0.01103162	0.0077107013	-0.009419916	0.022395154	-0.01097426	-0.008297206	-0.020492783	-0.009612242	-0.020937975	-0.0062084105	-0.012488152	0.016930003	-0.013245865	-0.019599814	0.021844897	0.008176035	0.05454715	0.046443	-0.006138629	-0.029255101	0.021915032	0.003104202	0.039690305	0.023271177	-0.026957342	0.04248727	0.025954481	0.018126836	-0.016450044	0.019659698	0.00014606651	-0.023699153	0.013074809	-0.01972567	0.026273377	0.008209829	-0.02564384	0.019163748	-0.006812943	-0.0076335827	-0.057392593	-0.016098985	0.0023656162	-0.014545859	0.017655203	-0.025929252	-0.019116707	-0.009908095	-0.004089209	-0.026574077	-0.005966111	0.0358346	-0.026978675	-0.03407415	0.010119806	-0.011788866	0.0013778709	0.033527803	0.03296878	-0.030133283	0.0027218487	-0.03328039	0.0010278303	-0.01585066	0.048299212	0.019250311	0.016162397	0.040810615	0.018744163	-0.00035932913	0.006585854
-0.002142581	0.034217343	-0.011047937	-0.01739193	0.008810031	-0.019631097	-0.003867579	-0.010073533	-0.026102567	0.014999083	-0.03221536	0.02455152	0.015822388	-0.007015318	-0.0010868958	0.010888964	0.0049375086	0.008314495	-0.014701268	0.012646039	-0.0049988446	0.011792125	-0.00081159826	-0.0068865553	0.00542152	0.0033770527	0.028838653	-0.005802265	-0.011628954	0.029554958	0.0008889502	0.0135698775	0.019642357	0.0122902645	-0.002342485	0.0030045146	-0.023263324	0.0019258845	0.014302523	-0.006932765	0.00783356	-0.0024422803	0.013223287	0.010746104	0.033407897	-0.031276736	0.0060826433	-0.028746774	-0.023043856	0.003640319	-0.0098141115	-0.0038315165	0.01238645	-0.0013437925	-0.026184568	0.0018527696	0.005922677	0.018421935	-0.012189032	0.022745881	-0.0146885	0.0017413308	-0.016311917	-0.019059246	-0.0040919017	-0.01734959	-0.01309642	-0.0153509425	0.019798256	0.006703187	0.019001545	0.004376054	-0.0033121025	0.0034525092	-0.015097582	-0.02120282	-0.0013041857	0.0019555974	-0.014911529	-0.020035839	-0.025486864	0.013672874	0.01044901	-0.025986249	0.001147639	-0.014103169	0.0039066896	0.00087646884	0.026700076	0.029135678	-0.00039509006	0.0023358914	0.004354611	0.020639982	-0.0029357283	-0.008971289	0.0060924413	-0.0059075872	0.014014528	0.020581309	0.005985952	-0.00018903187	0.03343545	0.0015097095	-0.00023883616	0.0037247797	-5.1938034e-05	-0.01324271	-0.0030727515	-0.02970344	-0.02928013	-0.009232853	0.0147960065	0.014950577	0.0034734027	-0.024681285	-0.03511053	0.014909976	-0.0038477518	0.039963234	0.014404208	0.0062877187	-0.02350765	0.013434728	0.02022823	-0.0042068562	0.008726109	0.014813507	0.0061729574	0.009291119	0.0055177934	-0.006603903	0.020054612	-0.010862765	-0.0009881537	-0.018093305	-0.008457274	-0.020791873	-0.0013548104	-0.015556213	0.017020218	-0.0131532485	-0.009354631	0.025626617	0.010139577	0.047403984	0.03919358	-0.00563896	-0.02560142	0.015991082	-0.0028022586	0.030393919	0.02190584	-0.01947122	0.038041737	0.022075498	0.017339226	-0.012086984	0.01597759	-0.002538913	-0.025666155	0.016196126	-0.015445244	0.021687774	0.004187894	-0.024885582	0.013571402	-0.003763453	-0.012004336	-0.046691656	-0.016445188	0.0010511684	-0.01339477	0.012740344	-0.016453248	-0.01308478	-0.00545972	-0.0012774715	-0.018167384	-0.0035442356	0.023997447	-0.02252227	-0.026918381	0.009269681	-0.007837805	0.0014103058	0.025655832	0.031026905	-0.025831126	0.006370725	-0.028021766	-0.0006368037	-0.017709421	0.03997778	0.017006412	0.014770971	0.03939435	0.017754469	-0.00019096745	0.005826927
-0.0019476034	0.02540124	-0.0077132913	-0.0128075825	0.009066465	-0.017757123	-0.007169041	-0.004764925	-0.022563623	0.014137585	-0.028391978	0.014082535	0.011092705	-0.0073006195	-0.0046475786	0.014639887	0.008134122	0.004450899	-0.015174243	0.01422064	-0.00437513	0.008960142	-0.001593551	-0.0015904374	0.0026954354	0.0068211197	0.02665194	-0.0089649195	-0.011953841	0.020715708	-0.0027527767	0.00475019	0.013179263	0.015728446	-0.0031946907	0.0019837155	-0.018450957	0.008557044	0.006844205	-0.008165006	0.0049192854	0.004267645	0.0036595748	0.007982409	0.026496263	-0.021390371	0.004647368	-0.019568773	-0.023270693	-0.004836925	-0.0014839269	-0.00061110343	0.0063572214	-0.003355526	-0.018679557	0.0024282678	0.0063008214	0.01322562	-0.0059323045	0.020420574	-0.014448739	0.006079357	-0.013299833	-0.017124943	-0.0050882814	-0.013218256	-0.0071086474	-0.009716468	0.0132543435	0.0021251908	0.014324302	-0.0031570669	0.0026494374	-0.00056865637	-0.011164543	-0.012888711	0.0012222193	0.00816753	-0.010032573	-0.015990023	-0.014311279	0.011197432	0.010102657	-0.018443653	-0.004763126	-0.011388446	-8.2066916e-05	-0.004015924	0.0152372895	0.022799395	6.1867704e-06	0.0010071036	-0.0021298684	0.016747631	-0.003765037	-0.01184852	0.004410263	-0.009799017	0.009582401	0.013070689	0.0024686276	0.00786842	0.02802211	0.0056946697	-0.004906373	0.009655482	-0.009217796	-0.009332327	-0.008267161	-0.025434138	-0.029322727	-0.008988006	0.011050683	0.0109031545	0.00527494	-0.015433852	-0.029573968	0.010811886	1.9315428e-05	0.031816598	0.0051722913	0.010903611	-0.013125005	0.01433108	0.016254224	-0.009186014	0.008394054	0.015980517	0.004039684	0.010381563	-0.0019307925	-0.004264357	0.0111424755	-0.012079215	1.6477805e-05	-0.010884818	-0.006395638	-0.01389168	-0.0018005852	-0.008703407	0.009879346	-0.004153253	-0.009256068	0.02273444	0.0101283565	0.03577241	0.033876948	-0.0023821378	-0.019368866	0.009283528	-0.0027995768	0.02668868	0.015837861	-0.011240259	0.026726026	0.011720062	0.010894948	-0.008455505	0.012228592	0.005873415	-0.020110149	0.015454759	-0.010482564	0.015593758	-0.00047435198	-0.02035886	0.0105261225	-0.0015176112	-0.0074226805	-0.035005115	-0.00667815	4.467625e-05	-0.0075128945	0.0020076695	-0.009058836	-0.012071071	-0.0011089555	-0.0025921136	-0.013588686	-0.0079388665	0.012486033	-0.019212278	-0.027605683	-0.0020200235	0.0019706648	0.0020357524	0.021837026	0.025676742	-0.017046586	0.008393788	-0.026567679	-0.0036137537	-0.015303347	0.035124775	0.015268976	0.010880612	0.02742809	0.013005064	0.0028463753	0.008073106
-0.005803623	0.021832103	-0.008971636	-0.013405521	0.006677315	-0.017382605	-0.0065699327	-0.0040355194	-0.018713616	0.012439499	-0.030503055	0.01663851	0.013707885	-0.012602867	-0.005633841	0.014413742	0.010381308	0.006642203	-0.011437327	0.010686796	-0.0034917635	0.010190814	0.0015615369	-0.00050541427	0.0030436392	0.005651816	0.025118627	-0.0026293646	-0.008073752	0.018752873	-0.002323423	0.010336668	0.0135473	0.012228205	-0.00033459	0.006993646	-0.02028225	0.007465359	0.0058444957	-0.0067019546	0.008263327	0.00628317	0.0030386397	0.006162579	0.026211113	-0.021873306	0.0030815722	-0.016862864	-0.022170488	-0.00085973437	-0.004301245	-0.00459546	0.0007244469	0.0021573212	-0.018557694	0.004350156	0.008464189	0.011157655	-0.006809395	0.017525028	-0.012635606	0.0024637121	-0.008459599	-0.013867125	-0.004431562	-0.013356819	-0.0112772975	-0.007892035	0.013088386	0.005984438	0.019396836	-8.704664e-06	-0.0012593672	0.00021869378	-0.0043912465	-0.015071298	0.003350085	0.008682736	-0.0050284	-0.016946647	-0.014356016	0.010170214	0.0075264196	-0.017579405	-0.0053209523	-0.009070713	0.00327184	-0.0038489613	0.014552425	0.019245004	-0.0008938845	0.0031665796	-0.0033712226	0.018484304	-0.0069214534	-0.009242132	0.003694579	-0.0071436395	0.012772695	0.013036571	0.0018471528	0.005878917	0.023858335	0.007570418	-0.006733589	0.0044735144	-0.0047184164	-0.005673441	-0.005571384	-0.017907571	-0.0263021	-0.010964983	0.0096682245	0.009720937	0.0023014983	-0.013084791	-0.026230551	0.015012552	0.0029810637	0.025338877	0.005770647	0.0060989014	-0.013194179	0.011298832	0.010139161	-0.00606183	0.0007297725	0.013596493	0.00066225365	0.009246799	-0.0031505155	-0.0014630543	0.008208617	-0.010641174	0.0013169069	-0.010897274	-0.007809759	-0.0127590615	0.0011943601	-0.011810494	0.010492109	-0.008205469	-0.007071451	0.025144553	0.00987033	0.030533511	0.03187774	-0.0019921155	-0.020487724	0.0054896497	0.00019070711	0.021020524	0.01801816	-0.014091473	0.021255463	0.009481638	0.008557276	-0.014594896	0.009935927	0.0024195348	-0.019030346	0.012529959	-0.011102307	0.015998865	0.0024802578	-0.016444067	0.004233688	-0.0016306606	-0.009060965	-0.030779708	-0.006243243	0.0005960526	-0.008568192	-0.0011723695	-0.011039769	-0.0073018684	0.0024628304	0.00069355144	-0.007639841	-0.0026425738	0.013626345	-0.018617662	-0.024356972	0.0023161562	0.003913813	-0.00049560284	0.020307815	0.023321137	-0.013275876	0.0057278797	-0.021083914	-0.0041938364	-0.01286327	0.030008217	0.011039887	0.011016606	0.02917316	0.017761413	0.004076631	0.009655869
-0.0008040648	0.023380585	-0.0083968965	-0.010913618	0.0029098717	-0.013210291	-0.0033261392	-0.004220544	-0.016542744	0.0067917947	-0.018713715	0.015736794	0.0072478396	-0.0036221026	0.00020147626	0.007594054	0.005320888	0.0025044435	-0.008829125	0.008897706	-0.0031771096	0.008401454	-0.001246268	-0.0048954794	0.0044244407	0.0010904139	0.020106686	-0.005151385	-0.006123335	0.022219926	-0.0028731558	0.0052125813	0.014719362	0.010772164	-0.0018180115	0.004405973	-0.015010345	0.0030041067	0.010642667	-0.002943805	0.0044801533	0.002636956	0.009040178	0.005617289	0.022352898	-0.016995376	7.916993e-06	-0.018115168	-0.013495224	-0.0018188044	-0.0066897376	5.4523272e-05	0.009179183	-0.0016486738	-0.01493055	0.00024305865	0.0035769213	0.013154624	-0.008231633	0.017199153	-0.009221579	0.0013934671	-0.010525584	-0.009633701	-0.0010088102	-0.010697597	-0.00416312	-0.0099113425	0.014520368	0.0043567526	0.014768636	-0.00024337848	-0.0010142189	0.0027549542	-0.008121916	-0.009767298	-0.0040765437	0.00375784	-0.0072869835	-0.013728933	-0.011011029	0.009240468	0.0067446018	-0.013920091	-0.004294208	-0.00682593	0.0040989094	0.0019332692	0.015329916	0.016505396	-0.0031908574	0.0032174396	0.002058668	0.015344923	-0.0007866717	-0.006916952	0.0042104395	-0.0005796539	0.00869231	0.013783058	0.0016419529	0.0027943293	0.021376362	-0.001049622	-0.0051536225	0.0017520408	-0.0018960723	-0.010319677	-0.0027396139	-0.018219816	-0.020266578	-0.005636169	0.009652585	0.010301508	0.005025332	-0.013441117	-0.025499474	0.009181731	-0.00026415224	0.024602737	0.01020535	0.005201943	-0.014983317	0.011572645	0.014241688	-0.006600477	0.0071102865	0.009841464	0.005392352	0.0062929993	0.002457494	-0.0062552956	0.01192767	-0.009684518	-0.0043098927	-0.011958835	-0.0054145274	-0.009040504	-0.00013228417	-0.00563112	0.0069049424	-0.007232346	-0.005619888	0.018275013	0.004328519	0.030418154	0.024799898	-0.0034813124	-0.015203382	0.0075940704	0.0023139606	0.020422922	0.015541251	-0.012453343	0.022384599	0.011797126	0.010886788	-0.0099571515	0.011165983	0.0027917458	-0.014722304	0.010855931	-0.010567793	0.014918959	0.005183695	-0.014431246	0.008376575	-0.005529255	-0.006304961	-0.029915195	-0.010507396	0.002802161	-0.00471365	0.00696819	-0.014143073	-0.00963005	-0.0032056547	0.002165382	-0.015791552	-0.0067271064	0.015855426	-0.011843424	-0.020999283	0.0054917987	-0.004015566	-0.0028622018	0.01649888	0.019041378	-0.014657006	0.0038615828	-0.02104503	0.00085015385	-0.008300243	0.028440064	0.012518643	0.009898379	0.024712678	0.0077681574	0.0033217983	0.003943723
0.00054413814	0.033494662	-0.017375644	-0.02079964	-0.0035025154	-0.024557542	-0.008736709	-0.0054798257	-0.019676253	0.011652262	-0.026557159	0.029667672	0.015029546	-0.0062942007	9.7757584e-05	0.0021881273	0.0035850012	0.007712401	-0.014895857	0.015495981	-0.006648644	0.013457914	-0.0018313562	-0.010645045	-0.0047067557	0.0071496507	0.023455556	-0.0070319586	-0.007117141	0.038486727	-0.0028336572	0.012502302	0.016828112	0.009815276	-0.0014251121	0.007085346	-0.017990729	0.0010641083	0.020453177	-0.0075929477	0.0049336464	-0.0073482418	0.01917218	0.0041290415	0.036116622	-0.027369209	0.0016311954	-0.031731974	-0.020010736	0.00018067639	-0.013443666	-0.0046295137	0.00836339	-0.00060722564	-0.020514382	0.001867839	0.0038557972	0.014119274	-0.013234663	0.020848805	-0.010870142	0.0013082823	-0.014041757	-0.012899465	-0.0076196096	-0.020392383	-0.009854779	-0.018251637	0.017986193	0.0019058686	0.022397125	0.012129486	-0.0015034353	-0.0046401722	-0.012122164	-0.016849944	-0.0065837572	-0.0012446613	-0.007278463	-0.015514609	-0.019790838	0.012310815	0.011156688	-0.020323204	0.0036391022	-0.013749671	0.003439325	0.005525666	0.028484028	0.028070642	0.0005066347	-0.00737023	0.010081842	0.02149078	-0.0027411839	-0.008649133	0.011461875	0.0027533139	0.010476059	0.028267767	0.0027546184	-0.003403585	0.035404842	-0.0045485105	-0.00674794	-0.0006245275	0.0065951208	-0.0080143	0.0020767085	-0.029704204	-0.016782286	-0.0030448188	0.018652964	0.018856622	0.00013797641	-0.022110175	-0.03877183	0.008031282	-0.0050552217	0.03398577	0.01933875	0.004439906	-0.026796272	0.013430935	0.02332558	-0.010156038	0.011593147	0.0096722	0.0031134423	0.007490539	0.005843864	-0.008756335	0.021374049	-0.005056768	-0.00878133	-0.01397102	-0.009907914	-0.021710541	-0.00758946	-0.005025581	0.010577876	-0.017536586	-0.018298803	0.01674909	0.0030179576	0.040643435	0.039195605	0.0009335461	-0.029260084	0.020519895	0.0064139497	0.03482158	0.02010318	-0.023139419	0.03820733	0.022622135	0.017027887	-0.019682046	0.014296507	0.0044752294	-0.014532509	0.006206808	-0.015836922	0.024614036	0.009086588	-0.025555266	0.012700642	-0.0077236895	-0.0081080375	-0.04956636	-0.008085463	0.004236916	-0.014656108	0.018064426	-0.023971196	-0.014142088	-0.011496681	-0.004850102	-0.02366028	-0.0057554604	0.032337055	-0.023629306	-0.03212386	0.008466086	-0.009695966	0.0003523286	0.03251536	0.026253004	-0.02254453	-8.3135514e-05	-0.022542877	-0.0025539307	-0.010299931	0.04015995	0.019072494	0.01320704	0.032169722	0.013173458	6.8542715e-05	0.012511552
-0.002170541	0.023871565	-0.005104136	-0.011242276	0.0051772264	-0.013726721	-0.004486981	-0.0019902536	-0.016432304	0.008508036	-0.021293987	0.014118341	0.00662767	-0.0065672263	-0.005315949	0.0066567454	0.003046181	0.004330352	-0.0149738295	0.0071962946	-0.0024497504	0.013080052	-0.00070175936	-0.0004002074	-0.0007973597	0.00305693	0.01826928	-0.005215085	-0.0059404867	0.021917505	-0.0007112482	0.0064256596	0.016268056	0.006611115	0.001805194	0.0055150827	-0.013424475	0.0035436258	0.009851706	-0.0044577154	0.0055186055	0.0011913875	0.010559355	0.0026230437	0.023217939	-0.016053379	0.0005317168	-0.018002337	-0.016892578	5.668899e-05	-0.0013363509	-0.0024652125	0.005411054	-0.0019018945	-0.012718493	0.0060574417	0.0034911283	0.0115546165	-0.0026997973	0.016743045	-0.016078956	0.0008359503	-0.009068376	-0.011272109	-0.00476979	-0.008264413	-0.004996208	-0.0051894668	0.01441241	0.0022633711	0.0125846425	0.0022674475	0.0012884681	-0.0010285303	-0.0076053552	-0.015241094	-0.005410645	0.0050423257	-0.0041294824	-0.014723351	-0.013285867	0.008853414	0.010672019	-0.015446602	-0.00080907485	-0.0019364796	0.0036606938	0.0019098859	0.014036452	0.018065117	-0.0032209195	0.0019895649	0.0045510903	0.0154879615	-0.004809783	-0.0063006077	0.008562837	-0.0033855734	0.009212373	0.020091742	0.0042276424	0.004044044	0.021686364	0.0033176567	-0.005528958	0.0035282383	-0.00084230007	-0.0067754574	-0.00039989944	-0.017785551	-0.01955386	-0.008805094	0.011865934	0.013805391	0.002306231	-0.015946204	-0.023249745	0.0057239933	-0.0012084622	0.023868738	0.008518057	0.007407449	-0.013249076	0.0077437256	0.011116042	-0.0046504876	0.005630698	0.011715109	0.004057634	0.0033215613	0.0029333727	0.0003534848	0.013947901	-0.011024932	-0.004950144	-0.011355426	-0.0043310025	-0.013302578	-0.0023555148	-0.0108403275	0.0063209343	-0.0064126165	-0.009359756	0.01675709	0.008747581	0.031329203	0.026684096	-0.005476651	-0.012636217	0.006342371	0.0022201578	0.016443146	0.016802918	-0.015631111	0.022699982	0.0142066255	0.010430023	-0.0081993	0.009455904	0.0010941534	-0.010963686	0.0106914155	-0.008730785	0.016196368	0.0045772674	-0.013252628	0.007864021	-0.0028921394	-0.008930841	-0.033496164	-0.006789072	-0.0032294362	-0.008590548	0.0067103636	-0.007325009	-0.012619333	0.0030809438	0.0014867478	-0.015709758	-0.009546805	0.016158786	-0.011952904	-0.017390069	0.002481888	-0.0025383395	-0.0024569524	0.01720564	0.0230417	-0.014936025	0.0023035412	-0.018531648	0.00142776	-0.01095793	0.027114738	0.008371022	0.011707171	0.02572664	0.008765701	0.0015961295	0.004164813
-0.0047479533	0.021179918	-0.008987784	-0.0065650987	0.0063200425	-0.011185522	-0.0068937833	-0.0018185643	-0.01581014	0.010759279	-0.024324667	0.010107363	0.012285145	-0.009295757	-2.1693722e-05	0.007992015	0.007933448	0.0064195134	-0.011653117	0.01073582	-0.0046122894	0.0041976413	-0.0020301896	-0.0012162447	0.00076254865	0.0040544355	0.018565273	-0.005033735	-0.008798643	0.018265372	0.00047882926	0.007905003	0.0073914286	0.013051549	0.0012085391	0.0028545195	-0.014223842	0.007992792	0.0022961025	-0.006088586	0.007570786	0.0057788836	0.0013219176	0.00776843	0.020920588	-0.018581005	0.002018133	-0.01566917	-0.015344857	-0.0034152805	-0.004214216	-0.003597615	0.0057657063	-0.002782967	-0.017258286	0.004469555	0.008177148	0.008374641	-0.002806207	0.013820303	-0.0092069125	0.004024482	-0.010957297	-0.014260495	-0.0009268927	-0.01334732	-0.0077615688	-0.005422377	0.008947695	0.0026434124	0.014110898	-0.003384374	7.3424184e-05	-0.0006811701	-0.008471934	-0.00921259	0.0044100694	0.005515019	-0.0095756315	-0.009419737	-0.014520868	0.009811653	0.007129158	-0.014385015	-0.0063055945	-0.00955048	0.0030356257	-0.0018843712	0.010384182	0.015983514	0.0017954393	0.0024226408	-0.0028318975	0.0147234425	-0.0043110824	-0.0053779576	-0.00026373763	-0.0084954435	0.006007293	0.00984633	0.0023907276	0.0054585855	0.019947408	0.0072979936	-0.004809905	0.005458168	-0.007237449	-0.009037313	-0.0025598696	-0.016057396	-0.021750236	-0.010441383	0.009872291	0.010259653	0.003166951	-0.0134113	-0.019529967	0.009691071	-0.000420539	0.02440338	0.0032276162	0.009028697	-0.010164786	0.0058764713	0.009203584	-0.0029622181	0.0017715343	0.009733058	0.0008736306	0.00536344	-0.0040893215	0.00047532655	0.0047356943	-0.008661825	0.0033662578	-0.0051307725	-0.0019926343	-0.0094790505	0.0009784637	-0.006487465	0.0059248116	-0.0014369247	-0.00682234	0.019644948	0.008791872	0.024662906	0.023085779	-0.0023829006	-0.018460926	0.0026935237	-0.0027144698	0.021610264	0.013180877	-0.009078226	0.015797665	0.007846697	0.0065844366	-0.008202611	0.0058407914	0.0043073692	-0.016432544	0.012815612	-0.007013246	0.013737276	0.00040726975	-0.0143329445	0.008437759	-0.00042838766	-0.005604465	-0.02516061	-0.0061931326	-0.0020009768	-0.0036977304	0.003277705	-0.006365108	-0.010328152	-0.00043207227	-0.0034877616	-0.005623121	-0.00046338546	0.00990116	-0.011016026	-0.01929563	-0.002060769	0.0031795485	-0.001888044	0.018122563	0.018086305	-0.01092168	0.0050738286	-0.019289058	-0.0041490337	-0.010680824	0.027607359	0.011104966	0.010144386	0.023502426	0.014772124	0.0016224405	0.004619595
-0.005785606	0.018666936	-0.0068246	-0.0072865565	0.009295098	-0.011350714	-0.00088239665	-0.008778553	-0.011869659	0.0071851737	-0.023951553	0.012827113	0.015891919	-0.007683214	-0.0032660516	0.011042662	0.009215896	0.0058142054	-0.0085953055	0.008201384	-0.006692973	0.005108106	-0.0013687599	0.0026688243	0.005641166	7.4466625e-05	0.016937396	-0.0012348327	-0.009503232	0.014491006	-0.004228712	0.007859968	0.010074307	0.009580226	-0.00227272	0.0052193725	-0.015825843	0.007354834	0.0058025317	-0.0016413787	0.0024157001	0.0054787844	-0.00037673838	0.0104850475	0.019704964	-0.020635588	0.0035336867	-0.012855855	-0.012284885	0.0051307897	-0.0050242892	-0.0030683598	-0.0019619504	0.003412889	-0.011228614	0.0059368457	0.007131913	0.009213087	-0.006825717	0.014660983	-0.010395463	-0.00012867931	-0.005765573	-0.006165256	-0.0049975254	-0.006099173	-0.0075713987	-0.002752833	0.008471011	0.005852361	0.013970433	-0.0055096187	-0.0035210815	0.0017173471	-0.0014746881	-0.010549008	0.0056581944	0.0054746713	-0.0044391165	-0.008771494	-0.015638202	0.010277144	0.0054087946	-0.0135408975	-0.0033023828	-0.004145674	0.0059460914	-0.0038118907	0.0065500163	0.01752757	-0.0036235051	0.0038728025	-0.0047035734	0.010054399	-0.009313605	-0.005985773	-6.73599e-05	-0.0090665445	0.011455146	0.014837116	0.002742409	0.004007122	0.015188104	0.0046154857	-0.00094177434	0.0003541057	-0.0037399854	-0.003669861	-0.004201961	-0.014001323	-0.021648414	-0.010668643	0.006078035	0.009270987	0.0014420392	-0.013594252	-0.016820457	0.014673271	0.0031063822	0.020498052	0.009807108	0.003259392	-0.013078379	0.0027001533	0.007612496	-0.0013094645	0.0022017444	0.012542235	-0.0031778314	0.0073336605	-0.0021695127	-0.004320887	0.005013929	-0.0033337749	0.0004587854	-0.004753366	-0.006473593	-0.009987095	-0.0021531777	-0.012353823	0.005850721	-0.0035056712	-0.0013506582	0.021534564	0.010299156	0.022455817	0.026150502	-0.0038016029	-0.015709346	0.0026641714	-0.0005435256	0.012970339	0.011785456	-0.009497154	0.018419243	0.0073495284	0.010643595	-0.009819232	0.0027551972	-0.0005389512	-0.013958728	0.010592568	-0.006322823	0.014773325	0.0053602224	-0.014887885	0.0036279205	0.0044551664	-0.008784084	-0.025821127	-0.010829959	-0.0005798855	-0.008862401	-0.00433524	-0.008274483	-0.007044924	0.004799865	0.0040821717	-0.006999386	0.00018964126	0.010792838	-0.016497683	-0.016879063	0.002028953	0.0047185333	5.6766185e-05	0.017658582	0.0118860165	-0.012211339	0.002460456	-0.018896872	0.00022939112	-0.010709469	0.02402142	0.004510373	0.01012504	0.021902857	0.013981914	0.0008347618	0.010503354
-0.00016526638	0.021584045	-0.00848181	-0.0070562502	0.0055700326	-0.015067811	-0.0015630985	-0.0061713853	-0.015064926	0.009230047	-0.023187624	0.014005068	0.009548495	-0.0072881044	-0.0047218655	0.0074624913	0.008458704	0.00076436996	-0.012695827	0.008319973	-0.0042373664	0.007948773	0.0006684072	-0.0024229023	0.0029975693	0.003900921	0.020350043	-0.0061375033	-0.0076594693	0.017425496	-0.00398354	0.0057223304	0.014485331	0.0090753045	-0.00033464405	0.00601874	-0.012631669	0.0040617655	0.007390258	-0.00256096	0.0045608524	0.003760295	0.0070657455	0.0040993835	0.01832607	-0.017647523	0.0005713104	-0.012890802	-0.017678332	0.0017564688	-0.0009425417	-0.0029361781	0.0021825498	-0.0013802833	-0.010261667	0.0048935874	0.004868729	0.012348279	-0.002896242	0.013450938	-0.011133883	1.7325206e-06	-0.0062198173	-0.010760783	-0.0041633225	-0.008612788	-0.009210747	-0.006461214	0.0116237225	0.005453784	0.012145676	-0.0019723447	0.002704731	0.0017865162	-0.005625423	-0.010883153	0.00072205585	0.0035366756	-0.0034653675	-0.009560657	-0.010689567	0.006161994	0.007435919	-0.014370975	-0.005329512	-0.0067621465	0.00167561	-0.0013951913	0.013309582	0.016430479	-0.0016475423	0.00036871378	-0.0032367117	0.01423355	-0.0045660674	-0.0071920576	0.005612778	-0.002814046	0.010180331	0.011739194	0.0019746392	0.0031778214	0.019627148	0.0062759067	-0.0045520044	0.0020028602	-0.004754811	-0.0054157274	-0.0047015646	-0.016777026	-0.020954067	-0.0065653366	0.005880741	0.008183922	0.004858649	-0.009942191	-0.020712016	0.007484193	0.0029159884	0.01990763	0.0056477096	0.004935824	-0.009197322	0.00573574	0.010582612	-0.0063144434	0.004420509	0.008684682	-0.0018631554	0.007042566	0.0023715987	-0.0039931685	0.008380963	-0.005069123	-0.000118663746	-0.009500303	-0.0023676706	-0.008494399	-0.0030590293	-0.007044327	0.0089575965	-0.006109961	-0.0049156365	0.016081717	0.0072185243	0.023353953	0.024677224	-0.0065526674	-0.016534137	0.004332771	0.00088679005	0.018860968	0.013739095	-0.010340487	0.022113955	0.011693224	0.009283093	-0.00652579	0.010341529	0.0012651958	-0.0151446955	0.010728024	-0.0062762247	0.0150533505	0.0022493007	-0.012365042	0.0059231156	-0.0013235284	-0.0072307093	-0.027940005	-0.0077403216	-5.4200973e-05	-0.008366712	-0.0010738885	-0.0063704564	-0.008193391	0.0025014158	0.0015249936	-0.01155691	-0.00620743	0.012301181	-0.010616641	-0.016611854	-8.772125e-05	0.0027657931	-0.00316406	0.017247116	0.015664238	-0.010661138	0.0010354696	-0.020706123	-0.0029019194	-0.010444418	0.021312792	0.0066674873	0.011742868	0.020411327	0.008909977	0.0028863163	0.004901182
-0.006893807	0.017346632	-0.005642959	-0.009327652	0.005374919	-0.008561498	-0.0038557386	-0.0063845217	-0.013266981	0.009995264	-0.020943485	0.005717037	0.012700051	-0.009677717	-0.004231139	0.012269262	0.0066460245	0.0018826923	-0.010795478	0.010072289	-0.005935417	0.0046681175	-0.0018175354	0.003988861	0.0044591287	0.0016616328	0.018485839	-0.0034025747	-0.007922901	0.016038531	-0.0038213362	0.0045561534	0.0061093294	0.011948782	-0.0030862337	0.0026002468	-0.014611847	0.00738356	0.0012082765	-0.0057527986	0.0041024834	0.003691354	-0.0010666425	0.009058333	0.018601323	-0.013337914	0.0051145637	-0.008482396	-0.016278366	-0.0031588427	-0.0006746379	-0.0037643048	0.00031956309	-0.0017404103	-0.015214311	0.0032391693	0.005644816	0.0065750075	-0.004681649	0.014651732	-0.0035217067	0.0056328853	-0.007813408	-0.011279953	-0.005384542	-0.0115298135	-0.004587395	-0.001669506	0.006006916	0.00083992525	0.015034553	-0.0031288906	-0.0003544748	0.0043725506	-0.004680387	-0.011375742	0.0069339275	0.007300119	-0.0031619235	-0.012012999	-0.011170529	0.006483931	0.0037723412	-0.011946088	-0.007423786	-0.010456377	0.0014330937	-0.0008149313	0.005481065	0.012548883	-0.00090171315	0.0046298136	-0.0041094124	0.012829893	-0.0026350105	-0.008283839	-0.0004787787	-0.0084727025	0.009618532	0.0077312277	0.004286214	0.005283851	0.013586596	0.006904023	-0.0050543714	0.006711635	-0.00960112	-0.0060289293	-0.0054795407	-0.013440537	-0.020898154	-0.009269866	0.005709143	0.003570378	0.0012878623	-0.011357671	-0.017230006	0.012374933	-0.0018216473	0.020687316	0.0050815614	0.0043315785	-0.010069946	0.008868833	0.0073398724	-0.0012684464	0.0020322753	0.012920115	0.0020467534	0.0074787796	-0.003903395	-0.00038188449	0.0035477488	-0.009174411	0.004303167	-0.0071049235	-0.0032339783	-0.01077602	-0.0006205293	-0.003717925	0.008673888	-0.00048979325	-0.0051116846	0.0197657	0.0043052644	0.01776319	0.02239938	-0.0018564624	-0.016272543	-8.308394e-05	-0.000962707	0.018562552	0.013172924	-0.0072195055	0.013924355	0.0064536375	0.004540459	-0.007683416	0.0026520602	0.005226209	-0.010611354	0.011178175	-0.0073567443	0.008560676	0.0003867527	-0.012373876	0.0027760724	-0.0009630232	-0.00416506	-0.01811424	-0.0021002286	0.0021202504	-0.0039445385	0.00038042438	-0.005782126	-0.006695501	-0.0026912447	-0.0029243152	-0.004704079	0.0010146771	0.0059906095	-0.010778315	-0.01622693	-0.00072544644	0.0022483363	0.0023023812	0.015277048	0.016912445	-0.0070331926	0.005687378	-0.014944966	-2.1679061e-05	-0.009283985	0.022852005	0.007713223	0.009069548	0.018262608	0.014177144	0.0003522555	0.0031544445
-0.0062207384	0.015972016	-0.0072604064	-0.008997962	0.010986217	-0.015146046	0.0007551447	-0.01061924	-0.014773113	0.006524389	-0.02630028	0.0135234855	0.0150716575	-0.01086261	-0.0011867805	0.0081141	0.010080118	0.0013599527	-0.009257215	0.011342957	-0.005317234	0.008302458	0.0023475299	0.0038044453	0.0048947097	-0.0014034639	0.019128576	-0.0036639785	-0.0074237483	0.013096073	-0.0019188782	0.008714095	0.01264156	0.0076825577	-0.00476525	0.0015903603	-0.012433211	0.0090899365	0.0060344287	-0.0026913213	0.0068111382	0.0036345092	-0.0008883336	0.009050793	0.01744556	-0.0193012	0.0058693504	-0.011529673	-0.017039357	0.0029818667	-0.0036285208	0.0013125102	-0.0011687746	0.003747646	-0.0133131035	0.0076005566	0.0045096125	0.01241785	-0.0024860527	0.016069332	-0.00739226	-0.00057204784	-0.0048564025	-0.010218654	-0.0018866925	-0.007648596	-0.012084842	-0.00438796	0.011908099	0.004949813	0.017663967	-0.005850049	-0.0049846247	0.007253713	-0.0029642137	-0.0123448	0.0031768528	0.002014313	-0.009561946	-0.010929053	-0.015094697	0.004467677	0.009129965	-0.015072765	-0.0006911098	-0.0073758406	0.007779014	-0.0031526426	0.007876688	0.01789026	-0.0028902835	0.0053123715	-0.00736237	0.015275023	-0.0073231966	-0.005323862	-0.0016134647	-0.0074301884	0.008782086	0.014485951	-0.0021830555	0.004375314	0.019066632	0.009228433	0.0011605612	0.0030293786	-0.0054046866	-0.0058866055	-0.0045792633	-0.011218096	-0.02425315	-0.009034974	0.006511507	0.0050820587	0.002304882	-0.010696472	-0.017047532	0.015598037	0.0019008305	0.025568519	0.010486631	0.0074935886	-0.015795173	0.0038651437	0.005926811	0.0018599932	1.2033831e-05	0.011333774	-0.003712322	0.008457164	0.0011847188	-0.00018471235	0.0033922128	-0.005953563	0.0014309085	-0.003625172	-0.0037278177	-0.013517181	0.0009247909	-0.014465459	0.011592219	-0.007988693	0.0009299685	0.023092207	0.012243638	0.026471412	0.027001778	-0.0071500237	-0.018676229	-5.7087174e-05	-0.00546131	0.01794014	0.017285794	-0.0076420405	0.022052528	0.004544857	0.007576926	-0.011046565	0.0020165802	-0.0022721805	-0.016434904	0.0146443	-0.009748105	0.015048544	0.00569181	-0.015800573	0.0015377088	0.005317747	-0.00905886	-0.028133573	-0.011541142	-0.003987492	-0.008755329	-0.0032895503	-0.007907685	-0.006572605	0.0036745635	0.0018708886	-0.0045922026	-0.0011369004	0.012240292	-0.015486498	-0.014878465	0.002426688	0.0027491462	-0.0031769003	0.017911814	0.014993789	-0.012898133	-0.0011744717	-0.02072511	-0.003632615	-0.011045966	0.021857463	0.00462213	0.013841126	0.022919105	0.014619647	-0.0010401155	0.0082112895
-0.0042340835	0.02159341	-0.009758063	-0.01075013	0.005091072	-0.015474887	-0.0013878875	-0.0018871123	-0.015015026	0.009916457	-0.02073259	0.011551889	0.009651425	-0.0077906195	-0.0033552113	0.008392748	0.004957594	0.0038563234	-0.012159184	0.009489048	-0.00041530837	0.006865739	0.0030933928	-0.005551765	0.0036597594	0.0033005879	0.02059769	-0.007032918	-0.006437244	0.021929774	0.000836388	0.0062019615	0.014205143	0.006902878	0.0017914916	0.0064749722	-0.0141926035	0.00054468255	0.008778679	-0.004111808	0.007577938	0.00010048465	0.011342976	0.006296346	0.022225441	-0.01762226	0.00095904863	-0.01697324	-0.016211053	0.0016245845	-0.003729532	4.875657e-05	0.007976124	0.00060034764	-0.016578488	-0.0012714657	0.0053702714	0.013168233	-0.0035265146	0.0152851185	-0.012678749	0.0036489225	-0.010815236	-0.007883914	-0.0033238737	-0.011644963	-0.0076613086	-0.010426554	0.01438258	0.005497938	0.012994057	0.002765592	0.0013622462	0.0010604289	-0.00805731	-0.011601175	-0.0014174613	-5.6547033e-05	-0.008533926	-0.013696922	-0.013277586	0.009213554	0.009619868	-0.012411535	-0.0018828488	-0.004080437	0.0041332752	-0.00029711603	0.018649712	0.0155996075	-0.0042968234	-0.0025288064	0.00382489	0.011713847	-0.0013228327	-0.005232899	0.004649073	-0.004990344	0.008682395	0.01241327	0.0028896467	0.0017700037	0.018767077	-0.00022876775	-0.0026594228	0.0024311387	-0.00044431555	-0.0074580833	-0.00097097765	-0.01730888	-0.016887544	-0.0079853395	0.007365463	0.012668776	0.0055617196	-0.014031604	-0.0231215	0.0073716287	1.2115241e-05	0.02474986	0.011203353	0.005663829	-0.014581413	0.0087335	0.011887959	-0.0060313665	0.0029327497	0.009370987	0.00095786294	0.007820134	0.0020808708	-0.005574129	0.011918808	-0.007831631	-0.0013691955	-0.00874295	-0.0025885117	-0.0125419	-0.00015534487	-0.0058408664	0.00603999	-0.007233367	-0.008688615	0.01653893	0.0035453078	0.028826457	0.02633872	-0.00331708	-0.016976671	0.0060674706	5.3991647e-05	0.018261544	0.015074473	-0.009597574	0.025437726	0.013953103	0.01184383	-0.0087239	0.008573104	0.004287655	-0.0113903135	0.00983065	-0.010813015	0.01275682	0.0036235678	-0.014072078	0.00935877	-0.0051528737	-0.004735777	-0.029635007	-0.009244181	0.003129787	-0.008342414	0.007402212	-0.014269762	-0.008574204	-0.00015655269	0.0023108192	-0.015871786	-0.0015405451	0.01759	-0.016099354	-0.020537438	0.004968708	-0.0005820738	-0.0007138818	0.016533704	0.017120346	-0.012700369	0.0027862191	-0.016090255	-0.0044274237	-0.007359015	0.027663589	0.0081916535	0.007491797	0.024482207	0.007464014	-0.001042309	0.0059385677
-0.00047008655	0.020606793	-0.008383182	-0.0105697	0.0062405984	-0.011594929	0.0004650679	-0.0012820207	-0.015702765	0.007322385	-0.021499412	0.009925511	0.0073139207	-0.0073672924	-0.00041964615	0.0066656396	0.002215133	0.0016902247	-0.0117726065	0.008699536	-0.003038411	0.0111810295	0.002469845	-0.0008637973	0.004585588	0.0052136923	0.018525148	-0.008033526	-0.0052757845	0.018536806	0.0010584105	0.003317288	0.012673033	0.010549304	-0.003587643	0.0042484836	-0.013941655	0.0016134614	0.00926977	-0.0065034744	0.008335266	0.0028989573	0.0077477265	0.00528556	0.016961992	-0.017986512	0.0028321338	-0.013599861	-0.011694794	-0.0004608581	-0.007228603	0.00043821216	0.0063119037	0.001786246	-0.015254573	-0.0006734977	0.005807631	0.009866766	-0.0019201548	0.015254425	-0.009768315	0.0041936305	-0.007023161	-0.009865257	-0.0008106207	-0.008654662	-0.00948502	-0.0058622733	0.010316729	0.0008616798	0.011904094	0.0022950592	0.0019083342	0.0014054726	-0.006034316	-0.008717657	-0.001351588	-0.00037518897	-0.0103776865	-0.013560738	-0.0126138665	0.005955913	0.007225884	-0.013085604	-0.0033942664	-0.006927126	0.0040696906	-0.0019596207	0.016748888	0.015476569	-0.00284295	0.0017298773	0.00010373379	0.015022138	-0.004766383	-0.008217451	0.005113332	-0.002516679	0.007906742	0.015699256	0.0015978483	0.0024483877	0.018735709	0.0011545604	-0.0020361023	0.0062711695	-0.0044118315	-0.008232741	-0.0029169025	-0.018435795	-0.020275187	-0.008084361	0.009882684	0.009288191	0.0056594913	-0.013484814	-0.023605954	0.005813321	0.0017121489	0.021231417	0.010694989	0.005908747	-0.011038597	0.009921421	0.011623662	-0.005475874	0.0026447396	0.010027377	0.0011853408	0.0048697204	0.003976186	-0.0015430381	0.008584251	-0.0042849807	-0.0047578276	-0.008687639	-0.006427583	-0.011488139	-0.001989971	-0.007717638	0.009003312	-0.007365571	-0.005860132	0.016090596	0.0047683557	0.028872648	0.021525975	-0.0052533313	-0.011660994	0.008533063	-0.00069044257	0.02060518	0.01332277	-0.007631043	0.022803677	0.0125257615	0.008465648	-0.0058987616	0.008772365	0.0035123115	-0.015340842	0.0082495	-0.00750323	0.009557752	0.0038753583	-0.012285284	0.0061934367	-0.0009396178	-0.0050439243	-0.024438731	-0.010785538	-0.0006742576	-0.00804911	0.0046887263	-0.011482504	-0.010164195	0.0013598483	0.0003239724	-0.012783025	-0.0032554301	0.01592913	-0.013987925	-0.016041312	0.0025615313	-0.0009802694	-0.0009867065	0.015648264	0.018466672	-0.015451526	0.0046463367	-0.020621529	-0.0040515987	-0.00882552	0.026555458	0.0076743467	0.011431406	0.020504223	0.008835859	-0.0015814906	0.0026254144
-9.189611e-06	0.019291027	-0.00352919	-0.00924047	0.0052052774	-0.012765816	-0.0015011118	-0.004438129	-0.01554035	0.008530634	-0.022391692	0.017183285	0.009915459	-0.008103248	-0.003305685	0.009814146	0.005807802	0.0074612675	-0.014447087	0.008399433	-0.00069445843	0.012523785	0.001016718	-0.0020625787	0.0035634718	0.0020985305	0.022433816	-0.0012743457	-0.007682562	0.01781116	-0.0007926484	0.008751518	0.01230004	0.010328021	-0.00051616353	0.008539076	-0.014130155	0.008942268	0.008574954	-0.0019085209	0.004082298	0.0028896083	0.010448584	0.008188653	0.025542598	-0.018379852	-0.002051635	-0.016386796	-0.019189993	0.0032191456	0.000840166	0.0011798438	0.0013505577	0.0006104539	-0.0123288445	0.0068600527	0.0011318517	0.009665776	-0.002317286	0.017082786	-0.016208263	-0.00027413957	-0.0069233575	-0.0063007553	-0.004408281	-0.009016469	-0.009770631	-0.0042951163	0.0115087405	0.0044862786	0.014740416	9.809102e-05	0.0003387347	0.00225237	-0.0062251426	-0.014043271	-0.0052589593	0.0046367575	-0.002834973	-0.013785504	-0.011988159	0.010068462	0.00676811	-0.012904257	-0.0012439003	-0.0008456597	0.0074444893	-0.0008502869	0.013195155	0.016504506	-0.0065176706	0.002427738	6.984668e-05	0.017380627	-0.0074281874	-0.009802151	0.005727171	-0.00323855	0.0055468115	0.020005653	0.0030907455	0.005522021	0.022262085	0.005167671	-0.0038815755	0.0053305835	-0.00156738	-0.009696327	-0.0025675914	-0.016279897	-0.02151702	-0.005813107	0.00960581	0.012089652	0.0033118	-0.015712604	-0.023984335	0.011577585	0.001458923	0.020974457	0.0072274804	0.011509568	-0.012198331	0.010148581	0.01075897	-0.0053232093	-2.498537e-05	0.009982549	-0.0025194266	0.0024637498	0.002841757	0.0009741592	0.009765764	-0.00631605	-0.0010374773	-0.007618452	-0.007302827	-0.013524743	-0.00081964955	-0.013842388	0.0064102863	-0.0073685884	-0.005044096	0.019953249	0.011457342	0.027218623	0.02912282	-0.008543693	-0.014564222	0.00241584	-0.003891863	0.015035662	0.019279355	-0.015711974	0.023523811	0.012988558	0.01094591	-0.013096991	0.011015781	0.0012488485	-0.015396021	0.008315836	-0.008061907	0.018245485	0.0075218715	-0.012935817	0.0056649563	-0.004160683	-0.00959005	-0.029322335	-0.009276611	-0.0033137046	-0.0064046322	0.00044215444	-0.009517367	-0.009812128	0.005999053	0.0016353277	-0.014597744	-0.008295819	0.013324998	-0.013433632	-0.016205864	0.0015785283	0.00060035946	-0.004636715	0.014111426	0.020511497	-0.014151835	0.004133294	-0.020936344	0.000725028	-0.013975688	0.022748087	0.00975303	0.014798562	0.02055088	0.0135854	-0.001093407	0.0072575044
-0.0073795845	0.022008969	-0.008445008	-0.009443589	0.0070988974	-0.013604015	-0.002323051	-0.011021601	-0.017223097	0.0115108555	-0.028201342	0.010262744	0.016560636	-0.0073042526	-0.0018529538	0.007166576	0.004935144	0.0059536695	-0.0089687435	0.007468205	-0.005365156	0.005541327	-0.002540492	-0.0015578612	0.004421312	-0.00062825135	0.022189666	-0.0048264097	-0.0077123013	0.019380223	-0.0036299191	0.007977201	0.012076865	0.01014022	-0.00081899686	0.004195902	-0.018593227	0.005863015	0.0044492446	-0.004182851	0.006724645	0.005651801	0.0003021276	0.012233013	0.017363379	-0.022650318	0.008220673	-0.01477614	-0.014001703	0.003215658	-0.004458482	0.0016459336	0.00081249105	0.0048757633	-0.017012106	0.0023967116	0.007105263	0.012601145	-0.0038103159	0.014575711	-0.0062540295	0.0019490692	-0.004978811	-0.009380441	-0.0051409723	-0.010326159	-0.01035235	-0.009084002	0.008914093	0.0053261835	0.01829042	-0.004510008	-0.0036268274	0.0063918945	-0.006424067	-0.011582538	0.0061703525	0.0027103857	-0.009548934	-0.009197705	-0.017187731	0.008128104	0.007985088	-0.016488846	0.00058752776	-0.0102429725	0.0061279074	-0.004505282	0.012742158	0.020272834	-0.0019847683	0.0035881188	-0.006055313	0.014020392	-0.008646787	-0.004031964	-0.0007002848	-0.0066918745	0.011872462	0.01656951	-0.0008660063	0.0050562476	0.020766454	0.008978679	0.0020151036	0.0016325846	-0.005072036	-0.008194671	-0.007947793	-0.014789501	-0.026649507	-0.010630245	0.010822698	0.0117652835	0.00083138887	-0.016499111	-0.02186732	0.014854306	-0.0018484514	0.02881963	0.011634801	0.008800805	-0.017854985	0.0064295144	0.008457585	0.0012500321	0.0018831131	0.014123363	-0.002579385	0.00944101	-0.00037954407	-0.005865219	0.005783662	-0.0047733816	0.00033814646	-0.006403856	-0.0026283872	-0.013481835	-0.00034138057	-0.013021546	0.009769433	-0.00366044	0.00069735857	0.021983981	0.0091022365	0.025581045	0.029295718	-0.008312567	-0.021004941	0.0061255745	-0.0042624357	0.019533232	0.015002521	-0.011794189	0.02224371	0.009384205	0.007419641	-0.012515226	0.0025262188	-0.0014493134	-0.015469589	0.015059107	-0.009518401	0.014025172	0.0028689934	-0.019532748	0.0045369444	0.0043226588	-0.007845493	-0.030589823	-0.010587669	-0.0021654407	-0.0050122873	0.0006695549	-0.012177256	-0.010363457	0.0028587289	0.00035869415	-0.0056374427	-5.0959465e-05	0.015511576	-0.019153379	-0.0147450315	0.0036753558	8.5431544e-05	0.0026555094	0.018182795	0.017418748	-0.017862994	0.00038981411	-0.023483975	-0.003158352	-0.013044868	0.028510123	0.011295002	0.013710796	0.027178608	0.014259116	0.0012634849	0.009848424
-0.00400537	0.013845264	-0.004188589	-0.006817162	0.0034686723	-0.010163619	-0.002331421	-0.0011266244	-0.011201558	0.0063177356	-0.012855328	0.0090389205	0.0049385903	-0.0024096405	-0.0009315619	0.00971994	0.005473947	-0.0008425902	-0.0063259746	0.008665342	-0.003161459	0.005917583	0.00071723206	-0.0004806463	0.0005851963	0.0047417954	0.016609704	-0.0034627253	-0.0034288305	0.014881552	-0.0016586165	0.002387992	0.0080603985	0.00689571	0.0004542059	0.0017853066	-0.010071092	0.0023818708	0.0039803656	-0.0024585526	0.00094073394	0.0024139653	0.0062593855	0.004989	0.01290861	-0.013760145	0.0012389938	-0.0076922486	-0.01314707	0.00088135997	-0.0045824028	-0.002868531	0.0052627176	0.0018261257	-0.013718556	0.002080469	0.0028673029	0.01065617	-0.0035146112	0.012353545	-0.0059397607	0.002826607	-0.004249544	-0.008571917	-0.004409445	-0.0067386064	-0.0032863335	-0.001954912	0.0072863493	0.0026950173	0.009103638	-0.002696898	0.0015566355	0.002713183	-0.008367192	-0.009937886	0.0020463353	0.006249275	-0.00411938	-0.0074008526	-0.0062827403	0.006615926	0.0033743521	-0.011579655	-0.003564287	-0.0054012346	0.00081722863	0.00012475102	0.009858235	0.011777504	-0.00072544283	0.0033030321	0.0009978693	0.008014564	-0.0032713804	-0.005377205	0.0052272873	-0.001227979	0.008314574	0.011249886	0.0027034231	0.002663658	0.015990835	0.0015357921	-0.00030539164	0.0047908495	-0.005888424	-0.006263167	-0.005131794	-0.016024003	-0.013017674	-0.003734743	0.0032138126	0.0044363244	0.0016746487	-0.011158155	-0.016768375	0.0027606357	-0.0003172026	0.019410964	0.002813946	0.0019240644	-0.009008894	0.007962205	0.01003174	-0.0053826165	0.006796546	0.008553672	0.0049725133	0.007261658	0.0019572738	0.0006281811	0.0056762984	-0.008706343	-0.0016646879	-0.009496024	-0.004424077	-0.010037582	-0.0024797646	-0.0023805269	0.0041887364	-0.0048073623	-0.0046453276	0.011903617	0.003117741	0.020619128	0.016360044	-0.00036833686	-0.01306091	0.0034832826	0.002020827	0.01297967	0.009808804	-0.0071246307	0.013684249	0.009429526	0.0032600844	-0.0056415237	0.008836607	-0.0010518009	-0.010282909	0.010968836	-0.007781908	0.011486988	-0.001160593	-0.0128570795	0.007731191	-0.0030632094	-0.0067262277	-0.021449452	-0.0013061087	0.0014586232	-0.0053556683	0.001335377	-0.007668985	-0.0074914224	0.0007363922	-0.0029670037	-0.008738216	-0.00721846	0.011401367	-0.007501911	-0.015914092	-0.00069265557	-0.0040955273	0.00038372478	0.010918408	0.014228661	-0.0092355115	0.0057308027	-0.016285155	0.0010660276	-0.00603344	0.018623589	0.0051517035	0.009200785	0.01574571	0.009887536	0.0013830146	0.0048099677
0.0020212515	0.025016574	-0.0024497535	-0.01424929	0.0070805475	-0.012081787	-0.005229483	-0.0053169886	-0.020187331	0.0063677393	-0.0254976	0.019299814	0.0059199864	-0.008163899	-0.0045242547	0.009691064	0.008195031	0.0075379414	-0.016640455	0.00973671	-0.0012169869	0.016439795	0.0015070912	-0.0014748545	-0.0008895556	0.004013931	0.024611859	-0.0030665079	-0.009179639	0.023449648	-0.0037254575	0.0063201645	0.018129898	0.008290707	0.0004609141	0.008297107	-0.016010996	0.008245398	0.0089416355	-0.0028689504	0.002660412	0.003943917	0.011122927	0.006435723	0.028315786	-0.015202401	-0.0023182489	-0.0203526	-0.01804581	0.0043664216	7.1344393e-06	-0.0013627597	0.0016406827	-0.0016810884	-0.011266991	0.00727882	0.0042399955	0.008456698	-0.0032890942	0.015365423	-0.018524528	-0.00035781728	-0.009714678	-0.01018669	-0.002408103	-0.010330197	-0.00717009	-0.0062825535	0.016677078	0.007489939	0.018442305	-0.0023880564	-0.0017797082	0.0027061948	-0.008799056	-0.015448127	-0.008533473	0.0045421184	-0.0029450946	-0.016555421	-0.012182472	0.012711464	0.012201799	-0.0135633275	-0.002236897	-0.00064696156	0.0025428594	-0.0011980595	0.015191974	0.016502341	-0.007845826	0.005074986	0.004723548	0.018966403	-0.008764378	-0.011861197	0.0058160634	-0.0040379497	0.006837037	0.023475764	0.0025716024	0.0027332564	0.023901127	0.0020968162	-0.0066201487	0.0041790428	-0.0024215342	-0.009308659	0.0004361749	-0.01697611	-0.023037767	-0.008650207	0.009747878	0.011389677	0.0028026782	-0.015936585	-0.02929017	0.012638648	-5.1523097e-05	0.0213299	0.011314378	0.013103225	-0.016066363	0.010447763	0.008334422	-0.0028372032	0.0011293486	0.0081788665	0.0005650774	0.0022073968	0.0042641787	0.00055432436	0.012953097	-0.012263935	-0.00012988331	-0.009813863	-0.005042129	-0.010178916	-0.0025776469	-0.012233805	0.01190766	-0.008553895	-0.009932814	0.022101443	0.009812525	0.033307523	0.028394915	-0.010648772	-0.015126588	0.0049619726	-0.002542184	0.017649861	0.022855498	-0.015417891	0.025138048	0.0129185645	0.014523372	-0.014373888	0.014286758	0.0025518253	-0.012055101	0.007719281	-0.013893919	0.017448364	0.009125038	-0.0130284345	0.0065263393	-0.0041186167	-0.008069313	-0.03466866	-0.0082773045	-0.0014179428	-0.01049129	-0.00015352739	-0.007649664	-0.013631542	0.005530776	0.0044070054	-0.015770078	-0.008245884	0.014684311	-0.011771349	-0.023540009	5.1142313e-05	-0.0014350405	-0.0062882393	0.017981904	0.025249258	-0.017146232	0.005629142	-0.022175651	-0.0034094488	-0.013842638	0.028114865	0.007991004	0.015795222	0.026519733	0.014629798	0.0015614022	0.008801886
-0.0024733508	0.025975855	-0.0077292095	-0.010148298	0.0083667105	-0.011948095	-0.0013365463	-0.0071646813	-0.015055904	0.007923685	-0.026915299	0.012400867	0.010958372	-0.01065004	-0.0023658029	0.012467986	0.007437706	0.0024027247	-0.0096752	0.009884349	-0.0025609834	0.0121658845	0.0024585056	0.00092749455	0.0060124914	0.0010059886	0.023115437	-0.0063587567	-0.005592607	0.021862667	0.0003259547	0.003931053	0.013991321	0.012381651	0.0011583484	0.0028477549	-0.017817738	0.0053411485	0.004958069	-0.0062298523	0.005879062	0.006178491	0.008284271	0.007885739	0.020555349	-0.022700913	0.0036570174	-0.019621622	-0.019552367	0.001936851	-0.0051336763	-0.0009947844	0.008394566	0.0011138513	-0.018238807	8.105771e-05	0.007961729	0.010222784	-0.005884825	0.015636792	-0.008829267	0.0014304735	-0.0104161	-0.012777634	-0.0013475114	-0.012218053	-0.0055891103	-0.0092661865	0.014810231	0.0030320461	0.013124634	-0.0019463582	0.0013124307	0.004098828	-0.0067020133	-0.011303264	-0.0008106389	0.00501409	-0.008993108	-0.0144162765	-0.01543571	0.009445784	0.011470932	-0.018183783	-0.0039818627	-0.008562293	0.005617556	-0.0014123637	0.012942314	0.019511921	-0.0021712477	0.004001455	0.0007882167	0.014101811	-0.0074447473	-0.005848101	0.000979934	-0.0039115124	0.012061661	0.014821516	0.0012103713	0.006579757	0.022189584	0.0053540366	-0.004873524	0.0035197842	-0.0056073777	-0.008786675	-0.0039386083	-0.021780634	-0.021500343	-0.010104042	0.011852849	0.009546968	0.0029462166	-0.01565254	-0.024974775	0.013315445	-0.00048263898	0.027773732	0.009087533	0.010467261	-0.01279013	0.0107032675	0.01363062	-0.0044897986	0.0024997382	0.011738494	-0.00082666415	0.004352078	0.0013706145	-0.006126209	0.0110026235	-0.0049583856	-0.0024686009	-0.011802812	-0.006460131	-0.008968156	-0.00038545302	-0.0068205763	0.010014357	-0.0030398944	-0.003028023	0.022617256	0.0049408237	0.030748121	0.029899158	-0.007543015	-0.016007641	0.006582237	0.0020140756	0.021795867	0.019121788	-0.012811743	0.023448894	0.00897108	0.01217528	-0.012956821	0.010684729	-0.00022307754	-0.014484404	0.012144499	-0.0070722983	0.013918765	0.00516779	-0.01629431	0.006367994	-0.0017813931	-0.0047624903	-0.030067721	-0.008652554	-0.00061568036	-0.006632801	0.001975442	-0.01337989	-0.007706058	-0.00087220856	0.001216406	-0.01459825	-0.002221028	0.012607968	-0.018420909	-0.01774664	0.004643153	-0.0025931955	0.00016648496	0.018215599	0.018201195	-0.01417651	0.0038827362	-0.024589507	-0.0010952805	-0.01371705	0.027971005	0.012219229	0.009405136	0.022656277	0.01134415	0.0017562425	0.004108953
-0.00064198603	0.021395436	-0.0063035074	-0.010870167	0.004261251	-0.012935957	-0.0037567818	-0.0030599674	-0.01250725	0.008525597	-0.02148531	0.014159856	0.009531969	-0.006729752	-0.004923336	0.005246049	0.006793293	0.00516921	-0.008835853	0.010707116	-0.00040281762	0.011434431	0.0015832129	-8.289749e-06	0.0012560949	0.0047087064	0.015385998	-0.005517813	-0.005762942	0.020235034	9.891112e-05	0.0065699527	0.014139333	0.003937188	0.0016316649	0.0035863596	-0.01172366	0.0061952244	0.008897415	-0.0025982778	0.0026847953	0.0030942499	0.01077555	0.005987174	0.020588856	-0.013305498	0.003248039	-0.016823003	-0.013368921	0.00055921014	-0.0029623057	-0.0016252168	0.002789863	0.0024802287	-0.013600551	0.0048575797	0.0030957963	0.009640127	-0.0072460487	0.01282049	-0.012723582	-0.0008466299	-0.00471631	-0.0066066273	-0.004298423	-0.01055251	-0.0036825011	-0.007839899	0.011778541	0.0016348052	0.015253239	0.0029435712	0.0017717531	0.0013866229	-0.0053133396	-0.011944586	-0.0043353224	0.0054428973	-0.0026851408	-0.010381252	-0.012862335	0.011482302	0.0075689927	-0.014779944	0.001179182	-0.0013824514	0.0058201435	0.0029097884	0.01362071	0.016419442	-0.0012037201	0.0033749475	-0.00016137493	0.015003371	-0.0051357206	-0.009449762	0.0074428935	-0.004593811	0.0091566965	0.017674971	0.0015489571	-2.9792833e-05	0.01556159	0.0042131892	-0.004909875	0.004200837	0.00037169427	-0.005393157	-0.0016066028	-0.01614791	-0.01457262	-0.0031094714	0.0060098763	0.013098367	0.0026014647	-0.0148199685	-0.020907225	0.0064525204	-0.0004834492	0.020600565	0.007070751	0.0076536387	-0.014282827	0.007062011	0.0115089845	-0.0047621075	0.0024876837	0.00990298	0.0031289689	0.0045922846	0.001565572	-0.00057851477	0.006965922	-0.007944597	-0.0028108654	-0.0056325938	-0.003722653	-0.012289891	-0.0013439592	-0.008928778	0.006936235	-0.0065870397	-0.005109876	0.017967043	0.009474802	0.024282083	0.023498142	-0.0028474235	-0.01612115	0.0060172523	0.0009765979	0.014991347	0.01532552	-0.014870912	0.018839259	0.0079645	0.012213246	-0.009181529	0.00572246	-0.0001340009	-0.008950274	0.010220401	-0.011105197	0.017102918	0.0055304514	-0.012849915	0.008464881	-0.0038712393	-0.008702357	-0.02728935	-0.005142193	-0.0019366794	-0.009956619	0.0020034947	-0.009866024	-0.010584658	0.0017201467	0.0029302214	-0.008542282	-0.005660124	0.015470229	-0.011570321	-0.019032113	0.0040337453	0.0014038002	-0.0040232814	0.015288517	0.018314015	-0.010097047	-0.00060608506	-0.018182319	-0.0012396327	-0.011055083	0.024655264	0.008639472	0.008336084	0.018403439	0.011610929	0.002025964	0.0075717475
-0.0049208696	0.023083452	-0.008948855	-0.015322311	-0.0014135471	-0.014872896	-0.006680934	-0.0048957104	-0.01389645	0.010117508	-0.018873716	0.018217813	0.008538737	-0.0018966573	-0.003307091	0.0049868613	-0.00018054765	0.0054221554	-0.010779013	0.007165366	-0.0017019555	0.012299161	0.0013939952	-0.010234779	-0.00027273028	0.0035314916	0.021423256	-0.006020007	-0.0059283474	0.022451306	0.00050553516	0.012356395	0.0105842855	0.004145603	-0.00021890203	0.004747369	-0.012064873	-0.0005742932	0.010239612	-0.00666598	0.004246669	-0.0036948882	0.0117924	0.0021701131	0.020486955	-0.021362985	0.0044736317	-0.021397535	-0.016265655	0.0014234844	-0.013085017	-0.005776701	0.012531022	-0.0045747366	-0.021752385	0.00015687625	0.0036388317	0.012024312	-0.013084566	0.018743651	-0.008201872	-0.0016969282	-0.014360753	-0.014711664	-0.0035529162	-0.0154823465	-0.004182181	-0.011178055	0.013538301	0.0052571422	0.014111462	0.0067847366	-0.0035520447	-0.0014753413	-0.012756705	-0.013081371	-0.0026547117	0.0014212928	-0.013013535	-0.009501249	-0.016716218	0.010482791	0.00786659	-0.013507046	0.00036262808	-0.008309682	0.005896268	0.00096591504	0.021288455	0.019916652	-0.0020270182	0.0011428684	0.008987674	0.014706947	0.0037688098	-0.007743387	0.007124988	-0.00014881464	0.010818	0.013102177	0.004691311	-0.0034600224	0.020883674	-0.0026446835	-0.0018071685	0.0037028468	0.0072022676	-0.010543626	0.002293176	-0.020291232	-0.017660368	-0.0068832957	0.00931197	0.012503622	0.0008526204	-0.015878087	-0.029199213	0.004548383	-0.0029541631	0.023463912	0.015119159	0.0035786345	-0.019224016	0.0100928685	0.017621476	-0.0030782495	0.0044212956	0.011501892	0.008516392	0.0027336178	0.0039107967	-0.0034869239	0.017815376	-0.009156703	-0.0014798663	-0.014229464	-0.008485756	-0.010620805	0.0007505574	-0.008598205	0.013107142	-0.008178532	-0.012417617	0.0155016715	0.00219641	0.034694064	0.027584314	-7.1056566e-05	-0.01860137	0.012143051	0.0045127836	0.019579584	0.015780056	-0.015689058	0.02509052	0.015868798	0.0105656395	-0.010221459	0.0120725	-0.0027188025	-0.018150855	0.006296368	-0.008103367	0.01237268	0.0052759186	-0.017421216	0.011695384	-0.004711488	-0.005988657	-0.034689534	-0.013078815	0.0021813738	-0.0094671	0.01289214	-0.01689551	-0.013806068	-0.007943604	-0.0029768934	-0.016383715	-0.0017889022	0.022291645	-0.01752421	-0.019427896	0.007461417	-0.007451317	-0.0011048454	0.02186545	0.01804082	-0.019155998	0.0050277063	-0.018909035	-0.001199373	-0.010522433	0.03141352	0.014084927	0.0067011025	0.026377648	0.010414053	0.00069099787	0.0022345444
-0.0037698026	0.02565154	-0.01035917	-0.011697458	0.002831083	-0.012172607	-0.004739924	-0.00729419	-0.016032128	0.008338818	-0.024196265	0.013927642	0.009043413	-0.0039354623	-0.002101849	0.003796157	0.0056857285	0.004983081	-0.00830239	0.0077363513	-0.003412362	0.012263046	-0.0021078044	-0.006723879	0.00031795498	0.0050334553	0.019304592	-0.006627352	-0.005197441	0.021348128	0.0028421043	0.0097856475	0.015277239	0.006624825	2.1135907e-05	0.003957928	-0.016214425	-0.0017995398	0.010995775	-0.0041881814	0.0063166767	-0.0019168755	0.007043997	0.0043466697	0.020892933	-0.020879654	0.006492298	-0.022942703	-0.01598832	0.0019869779	-0.010893534	-0.0016636486	0.011186769	-0.0044299904	-0.021560231	-0.00031222074	0.007957189	0.008780927	-0.012240329	0.019545143	-0.012333025	0.0010168676	-0.009655123	-0.0129742725	-0.0007447853	-0.014217479	-0.0058568167	-0.008883032	0.011694	0.0010895272	0.014677052	0.0028098586	-0.0048107794	-0.0020756256	-0.01346811	-0.013967311	-0.0009114116	-5.7492558e-05	-0.012998563	-0.01255009	-0.019705223	0.010539832	0.008632161	-0.01863949	-0.0005925667	-0.007710287	0.004941424	-0.0003810979	0.020377383	0.018851496	-0.0029986217	0.00030351127	0.005297022	0.01869162	0.0025190318	-0.0033581674	0.0025149563	-0.0026659507	0.00746671	0.017240299	0.003579513	-0.0024996458	0.020987941	-0.0002710727	6.9211106e-05	0.0055439263	0.004818598	-0.009325477	-0.0025357737	-0.02164665	-0.019701175	-0.004038684	0.009267406	0.015608657	0.0050512087	-0.017005732	-0.029127408	0.010512048	-0.0009502248	0.028706722	0.01511472	0.006171941	-0.016207468	0.008053439	0.01661583	-0.001635049	0.004071652	0.009612686	0.0057990355	0.0049397643	0.0015616571	-0.0046493295	0.014763176	-0.005620267	-0.0057696006	-0.013082512	-0.0067689386	-0.014605914	-0.00070447597	-0.009657621	0.014129529	-0.006392663	-0.010135553	0.017619569	0.0040562088	0.035258368	0.025599346	-0.004536847	-0.01557449	0.014636319	0.00027563373	0.02384511	0.012529842	-0.011755922	0.027398309	0.0148073	0.012506665	-0.00905763	0.008265367	-0.0019049176	-0.017575439	0.011432495	-0.006981506	0.011487004	0.0069204783	-0.016232185	0.011218778	-2.9819697e-05	-0.0037086376	-0.03533424	-0.012675578	-0.0014734138	-0.0064775962	0.010184659	-0.01412504	-0.0138795385	-0.007322826	-0.0017764644	-0.014100009	-0.00045101938	0.02221537	-0.01510054	-0.021543203	0.006424369	-0.0048984727	0.0022118078	0.020942148	0.02220424	-0.018619278	0.0038503609	-0.01858296	-0.0031430149	-0.012333321	0.02921953	0.012310564	0.0063783554	0.028195446	0.011039348	0.0029843892	0.002464017
0.0008878669	0.023577504	-0.0121259615	-0.01538787	-0.0038425203	-0.017821874	-0.0076031075	-0.0024946374	-0.00755114	0.005200266	-0.01922269	0.021288937	0.009661587	-0.004096712	0.0029589725	-2.7075552e-05	0.0035918427	0.006194204	-0.012273983	0.012859712	-0.0018116104	0.007983133	-0.003932449	-0.009567526	-0.005897635	0.0072600124	0.01531856	-0.004889056	-0.0086068	0.026361153	0.0008468339	0.011473164	0.0116219325	0.004298962	-4.2019416e-05	0.0004501729	-0.009943014	-0.0020981117	0.014268914	-0.000847406	0.0026593455	-0.0056451233	0.01601215	0.00012308301	0.022434644	-0.014675009	0.0020613004	-0.022869213	-0.0092123365	-0.0014124283	-0.0097790565	-0.004418444	0.0025796962	-0.00085077615	-0.014493918	-0.002230945	0.005462718	0.009585471	-0.010915803	0.014356743	-0.008014216	-0.0002707205	-0.005355039	-0.0047774925	-0.007408954	-0.015990617	-0.0069255675	-0.013719525	0.014575061	0.0015278518	0.01294739	0.009156616	-0.00030405354	-0.0026390785	-0.0102585545	-0.013496633	-0.0074877855	0.0027122197	-0.0033848712	-0.011163997	-0.016121913	0.010495082	0.002515538	-0.014463294	0.0046932427	-0.0065060523	0.00026342535	0.0062711076	0.015183957	0.018854365	-0.0021189793	-0.0065642353	0.009917036	0.015194168	0.0033565355	-0.005947056	0.009522028	0.0032665634	0.005508051	0.019674907	0.0042164717	-0.006544075	0.02307276	-0.005180286	-0.0023078416	-0.0031685366	0.006999149	-0.005636475	0.005174436	-0.015150457	-0.006711115	-0.00025000676	0.012846454	0.015660483	0.0004819005	-0.010289388	-0.026874783	0.0052550845	-0.0032791721	0.017276658	0.012513368	-0.00028870907	-0.015555115	0.005668349	0.017130004	-0.005113767	0.009652526	0.003001376	0.0055718548	0.007064078	0.0049315817	-0.005062415	0.017079366	-0.0044290163	-0.0032000719	-0.01288784	-0.005113416	-0.016619278	-0.0049424996	-0.0013610397	0.0055755563	-0.012910535	-0.010591322	0.008642824	0.0025002917	0.025580617	0.027749212	0.0019712967	-0.018894197	0.013811689	0.004050044	0.022808053	0.011630092	-0.017848846	0.023203118	0.01670289	0.013589947	-0.014219758	0.008537319	0.0028472007	-0.0075830123	0.0032805533	-0.012888087	0.018783757	0.0021844653	-0.014753487	0.008794565	-0.009757316	-0.007973681	-0.03307284	-0.00263388	0.0055027767	-0.008232465	0.014118723	-0.013283616	-0.0077405004	-0.00916321	-0.0063245087	-0.014579888	-0.003938823	0.022868412	-0.011870955	-0.020489726	0.008957179	-0.0070314202	0.0004907388	0.021738524	0.019646717	-0.013428219	-0.0027139266	-0.016096802	0.00044379156	-0.007390578	0.02561364	0.01330689	0.008426875	0.018019713	0.010506773	0.002610714	0.010205646
